{"stat.useItem.274":12,"factorization.artifact.notified":0,"stat.useItem.275":413,"stat.walkOneCm":218895,"stat.useItem.61":1,"stat.craftItem.61":1,"stat.leaveGame":1,"stat.killEntity.Creeper":1,"stat.mineBlock.16":22,"stat.mineBlock.18":53,"stat.mineBlock.17":9,"stat.jump":273,"stat.swimOneCm":5104,"stat.killEntity.enderzoo.FallenKnight":1,"stat.fallOneCm":4239,"achievement.mineWood":11,"stat.mineBlock.50":3,"achievement.exploreAllBiomes":{"value":0,"progress":["Beach","Scrubland","Kelp Forest","Forest","River","Ocean","Plains","Savanna"]},"stat.breakItem.270":1,"stat.craftItem.364":2,"stat.craftItem.366":13,"achievement.openInventory":42,"stat.craftItem.5":30,"stat.breakItem.275":2,"stat.killEntity.Chicken":3,"stat.craftItem.280":4,"factorization.artifact.last":739202,"stat.damageTaken":4130,"stat.mineBlock.5":6,"stat.mineBlock.3":2,"stat.mineBlock.1":65,"stat.mobKills":6,"stat.craftItem.58":1,"stat.flyOneCm":140254,"stat.craftItem.274":1,"stat.deaths":3,"stat.craftItem.275":8,"stat.drop":45,"stat.useItem.50":20,"stat.playOneMinute":111381,"stat.entityKilledBy.Zombie":3,"stat.craftItem.50":16,"stat.useItem.5":6,"stat.craftItem.270":2,"stat.useItem.3":1,"stat.damageDealt":1165,"stat.killEntity.Zombie":1,"stat.useItem.270":79,"stat.mineBlock.31":8,"stat.useItem.58":1,"stat.diveOneCm":7255}