{"stat.useItem.274":12,"factorization.artifact.notified":0,"stat.useItem.275":385,"stat.walkOneCm":191464,"stat.breakItem.270":1,"stat.craftItem.364":2,"stat.useItem.61":1,"stat.craftItem.366":13,"achievement.openInventory":36,"stat.craftItem.5":30,"stat.craftItem.61":1,"stat.breakItem.275":2,"stat.killEntity.Chicken":3,"stat.craftItem.280":4,"factorization.artifact.last":739202,"stat.damageTaken":4040,"stat.mineBlock.5":6,"stat.mineBlock.3":2,"stat.mineBlock.1":65,"stat.mobKills":5,"stat.killEntity.Creeper":1,"stat.flyOneCm":47218,"stat.craftItem.58":1,"stat.mineBlock.16":22,"stat.craftItem.274":1,"stat.deaths":3,"stat.craftItem.275":8,"stat.drop":44,"stat.mineBlock.17":3,"stat.useItem.50":14,"stat.jump":229,"stat.swimOneCm":1804,"stat.playOneMinute":77043,"stat.fallOneCm":4028,"stat.entityKilledBy.Zombie":3,"stat.craftItem.50":16,"stat.useItem.5":6,"stat.craftItem.270":2,"stat.useItem.3":1,"stat.damageDealt":885,"stat.killEntity.Zombie":1,"achievement.mineWood":7,"stat.mineBlock.50":3,"achievement.exploreAllBiomes":{"value":0,"progress":["Beach","Scrubland","Forest","River","Plains"]},"stat.useItem.270":79,"stat.mineBlock.31":8,"stat.useItem.58":1}