{"factorization.artifact.notified":0,"stat.useItem.355":2,"stat.useItem.61":3,"stat.craftItem.61":0,"stat.horseOneCm":3095,"stat.leaveGame":2,"stat.mineBlock.85":1,"stat.mineBlock.15":2,"stat.mineBlock.18":12,"stat.mineBlock.17":6,"stat.jump":1046,"stat.swimOneCm":1507,"stat.fallOneCm":35677,"stat.climbOneCm":700,"achievement.buildWorkBench":4,"achievement.exploreAllBiomes":{"value":0,"progress":["Meadow Forest","Birch Forest","Prairie","Brushland","Rainforest","Beach","Chaparral","Outback","River","Lush River","Highland","Savanna Plateau","Magical Forest","Bamboo Forest","Plains","Boreal Forest","Oasis","Bayou","Scrubland","DesertHills","Forest","Desert","Savanna M","Mystic Grove","Savanna"]},"stat.mineBlock.98":2,"stat.craftItem.364":6,"stat.craftItem.366":4,"stat.craftItem.5":24,"factorization.artifact.last":739202,"stat.damageTaken":3823,"stat.mineBlock.3":18,"achievement.botania:flowerPickup":8,"stat.mineBlock.1":48,"stat.flyOneCm":509626,"stat.useItem.50":1,"achievement.buildPickaxe":3,"stat.craftItem.355":0,"stat.entityKilledBy.Zombie":3,"stat.damageDealt":6080,"achievement.buildBetterPickaxe":1,"stat.killEntity.Cow":6,"stat.killEntity.Pig":2,"stat.useItem.58":2,"stat.useItem.274":115,"eplus.research":4,"stat.useItem.397":3,"stat.useItem.275":96,"stat.walkOneCm":353432,"tconstruct.beginner":1,"stat.entityKilledBy.Skeleton":1,"achievement.mineWood":4,"stat.killEntity.Skeleton":4,"stat.breakItem.271":1,"stat.useItem.85":1,"achievement.openInventory":115,"stat.killEntity.enderzoo.ConcussionCreeper":1,"stat.breakItem.275":1,"stat.killEntity.Chicken":15,"stat.craftItem.280":12,"stat.killEntity.Spider":1,"stat.mobKills":46,"achievement.buildFurnace":3,"stat.useItem.98":33,"stat.mineBlock.38":1,"stat.craftItem.58":3,"stat.craftItem.274":0,"stat.deaths":5,"stat.craftItem.275":1,"stat.drop":134,"stat.playOneMinute":68773,"stat.killEntity.Sheep":7,"stat.craftItem.270":1,"stat.useItem.3":7,"stat.craftItem.271":1,"stat.killEntity.Zombie":8,"stat.useItem.270":28,"stat.mineBlock.31":93,"stat.diveOneCm":929,"stat.useItem.271":57}