{"eplus.research":2,"factorization.artifact.notified":0,"stat.craftItem.263":5,"stat.walkOneCm":184381,"stat.useItem.61":2,"stat.craftItem.61":2,"stat.leaveGame":2,"stat.mineBlock.85":1,"stat.mineBlock.16":18,"stat.mineBlock.17":6,"stat.jump":320,"stat.swimOneCm":1422,"stat.fallOneCm":6080,"stat.climbOneCm":3170,"achievement.buildWorkBench":2,"stat.entityKilledBy.Skeleton":1,"achievement.mineWood":1,"stat.mineBlock.50":1,"achievement.exploreAllBiomes":{"value":0,"progress":["Savanna Plateau","Beach","Dry River","Scrubland","DesertHills","Forest","River","Plains","Desert","Oasis","Savanna"]},"stat.mineBlock.12":4,"stat.mineBlock.24":7,"stat.killEntity.Skeleton":1,"stat.craftItem.5":24,"achievement.openInventory":22,"stat.craftItem.280":8,"factorization.artifact.last":739202,"stat.damageTaken":4890,"stat.killEntity.Spider":1,"stat.mineBlock.4":1,"stat.mineBlock.5":3,"stat.mineBlock.3":6,"achievement.botania:flowerPickup":1,"stat.mineBlock.1":38,"stat.mineBlock.159":4,"stat.mobKills":8,"achievement.buildFurnace":2,"stat.useItem.54":4,"stat.flyOneCm":28040,"stat.mineBlock.38":1,"stat.craftItem.58":2,"stat.deaths":5,"stat.drop":109,"stat.useItem.50":4,"achievement.buildPickaxe":2,"stat.playOneMinute":59801,"stat.entityKilledBy.Zombie":2,"stat.craftItem.50":12,"stat.craftItem.270":1,"stat.craftItem.54":4,"stat.craftItem.271":2,"stat.useItem.3":1,"stat.damageDealt":2470,"achievement.buildBetterPickaxe":1,"stat.killEntity.Zombie":3,"stat.useItem.17":1,"stat.killEntity.Pig":2,"stat.useItem.270":22,"stat.mineBlock.31":17,"stat.useItem.58":2,"stat.diveOneCm":246,"stat.useItem.271":41}